country_code,question,template
BZ,Which cafes are within 2km of Belmopan?,FILTER-AGGREGATE-MEASURE (#1)
BZ,What is the nearest restaurant to Belize City?,GEOCODE-BATCH-COMPARE (#4)
BZ,Which is closer to Belmopan: Belize City or Caye Caulker?,GEOCODE-BATCH-COMPARE (#4)
BZ,What amenities are around Caye Caulker?,PLACE-ATTRIBUTE-QUERY (#8)
BZ,What is west of Belmopan?,LOCATION-BEARING-CLASSIFY (#5)
BZ,How far is Belize City from Belmopan?,OBJECT-FIELD-MEASURE (#2)
CU,Which restaurants are within 1km of Havana?,FILTER-AGGREGATE-MEASURE (#1)
CU,What is the nearest hotel to Varadero?,GEOCODE-BATCH-COMPARE (#4)
CU,Which bars are within 500m of Varadero?,GEOCODE-BATCH-COMPARE (#4)
CU,What amenities are around Havana?,PLACE-ATTRIBUTE-QUERY (#8)
CU,What is north of Varadero?,LOCATION-BEARING-CLASSIFY (#5)
CU,How far is Varadero from Havana?,OBJECT-FIELD-MEASURE (#2)
CV,Which cafes are within 2km of Praia?,FILTER-AGGREGATE-MEASURE (#1)
CV,What is the nearest restaurant to Mindelo?,GEOCODE-BATCH-COMPARE (#4)
CV,Which hotels are within 1km of Praia?,GEOCODE-BATCH-COMPARE (#4)
CV,What amenities are around Praia?,PLACE-ATTRIBUTE-QUERY (#8)
CV,What is east of Mindelo?,LOCATION-BEARING-CLASSIFY (#5)
CV,How far is Mindelo from Praia?,OBJECT-FIELD-MEASURE (#2)
CY,Which cafes are within 2km of Nicosia?,FILTER-AGGREGATE-MEASURE (#1)
CY,What is the nearest restaurant to Limassol?,GEOCODE-BATCH-COMPARE (#4)
CY,Which is closer to Larnaca: Nicosia or Paphos?,GEOCODE-BATCH-COMPARE (#4)
CY,What amenities are around Paphos?,PLACE-ATTRIBUTE-QUERY (#8)
CY,What is west of Nicosia?,LOCATION-BEARING-CLASSIFY (#5)
CY,How far is Limassol from Larnaca?,OBJECT-FIELD-MEASURE (#2)
GT,Which restaurants are within 2km of Antigua?,FILTER-AGGREGATE-MEASURE (#1)
GT,What is the nearest hotel to Guatemala City?,GEOCODE-BATCH-COMPARE (#4)
GT,Which is closer to Antigua: Guatemala City or Lake Atitlan?,GEOCODE-BATCH-COMPARE (#4)
GT,What amenities are around Lake Atitlan?,PLACE-ATTRIBUTE-QUERY (#8)
GT,What is south of Guatemala City?,LOCATION-BEARING-CLASSIFY (#5)
GT,How far is Antigua from Guatemala City?,OBJECT-FIELD-MEASURE (#2)
IE,Which cafes are within 2km of Limerick?,FILTER-AGGREGATE-MEASURE (#1)
IE,What is the nearest restaurant to the Cliffs of Moher?,GEOCODE-BATCH-COMPARE (#4)
IE,Which is closer to Limerick: Galway or Cork?,GEOCODE-BATCH-COMPARE (#4)
IE,What amenities are around Galway?,PLACE-ATTRIBUTE-QUERY (#8)
IE,What is west of Limerick?,LOCATION-BEARING-CLASSIFY (#5)
IE,How far is Cork from Dublin?,OBJECT-FIELD-MEASURE (#2)
IS,Which cafes are within 2km of Reykjavik?,FILTER-AGGREGATE-MEASURE (#1)
IS,What is the nearest restaurant to Akureyri?,GEOCODE-BATCH-COMPARE (#4)
IS,Which is closer to Reykjavik: Akureyri or the Blue Lagoon?,GEOCODE-BATCH-COMPARE (#4)
IS,What amenities are around the Blue Lagoon?,PLACE-ATTRIBUTE-QUERY (#8)
IS,What is east of Reykjavik?,LOCATION-BEARING-CLASSIFY (#5)
IS,How far is Akureyri from Reykjavik?,OBJECT-FIELD-MEASURE (#2)
IT,Which restaurants are within 1km of the Colosseum?,FILTER-AGGREGATE-MEASURE (#1)
IT,What is the nearest hotel to Florence?,GEOCODE-BATCH-COMPARE (#4)
IT,Which is closer to Rome: Naples or Florence?,GEOCODE-BATCH-COMPARE (#4)
IT,What amenities are around Venice?,PLACE-ATTRIBUTE-QUERY (#8)
IT,What is west of Milan?,LOCATION-BEARING-CLASSIFY (#5)
IT,How far is Venice from Rome?,OBJECT-FIELD-MEASURE (#2)
JM,Which bars are within 20km of Montego Bay?,FILTER-AGGREGATE-MEASURE (#1)
JM,What is the nearest restaurant to Ocho Rios High School?,GEOCODE-BATCH-COMPARE (#4)
JM,Which is closer to Kingston: Montego Bay or Negril?,GEOCODE-BATCH-COMPARE (#4)
JM,What amenities are around Negril?,PLACE-ATTRIBUTE-QUERY (#8)
JM,What is north of Kingston?,LOCATION-BEARING-CLASSIFY (#5)
JM,How far is Montego Bay from Kingston?,OBJECT-FIELD-MEASURE (#2)
KR,Which cafes are within 2km of Seoul?,FILTER-AGGREGATE-MEASURE (#1)
KR,What is the nearest restaurant to Busan?,GEOCODE-BATCH-COMPARE (#4)
KR,Which is closer to Seoul: Busan or Incheon?,GEOCODE-BATCH-COMPARE (#4)
KR,What amenities are around Incheon?,PLACE-ATTRIBUTE-QUERY (#8)
KR,What is south of Seoul?,LOCATION-BEARING-CLASSIFY (#5)
KR,How far is Busan from Seoul?,OBJECT-FIELD-MEASURE (#2)
LK,Which restaurants are within 2km of Colombo?,FILTER-AGGREGATE-MEASURE (#1)
LK,What is the nearest cafe to Kandy?,GEOCODE-BATCH-COMPARE (#4)
LK,Which is closer to Colombo: Galle or Jaffna?,GEOCODE-BATCH-COMPARE (#4)
LK,What amenities are around Galle?,PLACE-ATTRIBUTE-QUERY (#8)
LK,What is north of Jaffna?,LOCATION-BEARING-CLASSIFY (#5)
LK,How far is Kandy from Colombo?,OBJECT-FIELD-MEASURE (#2)
MC,Which restaurants are within 500m of Monte Carlo?,FILTER-AGGREGATE-MEASURE (#1)
MC,What is the nearest hotel to Monte Carlo?,GEOCODE-BATCH-COMPARE (#4)
MC,Which cafes are within 1km of Monte Carlo?,GEOCODE-BATCH-COMPARE (#4)
MC,What amenities are around Monte Carlo?,PLACE-ATTRIBUTE-QUERY (#8)
MC,What is east of Monte Carlo?,LOCATION-BEARING-CLASSIFY (#5)
MX,Which restaurants are within 2km of Mexico City?,FILTER-AGGREGATE-MEASURE (#1)
MX,What is the nearest hotel to Cancun?,GEOCODE-BATCH-COMPARE (#4)
MX,Which is closer to Mexico City: Guadalajara or Cancun?,GEOCODE-BATCH-COMPARE (#4)
MX,What amenities are around Tulum?,PLACE-ATTRIBUTE-QUERY (#8)
MX,What is west of Guadalajara?,LOCATION-BEARING-CLASSIFY (#5)
MX,How far is Cancun from Tulum?,OBJECT-FIELD-MEASURE (#2)
NI,Which cafes are within 2km of Managua?,FILTER-AGGREGATE-MEASURE (#1)
NI,What is the nearest restaurant to Granada?,GEOCODE-BATCH-COMPARE (#4)
NI,Which is closer to Managua: Leon or Masaya?,GEOCODE-BATCH-COMPARE (#4)
NI,What amenities are around Masaya?,PLACE-ATTRIBUTE-QUERY (#8)
NI,What is east of Granada?,LOCATION-BEARING-CLASSIFY (#5)
NI,How far is Leon from Managua?,OBJECT-FIELD-MEASURE (#2)
NL,Which cafes are within 2km of Amsterdam?,FILTER-AGGREGATE-MEASURE (#1)
NL,What is the nearest restaurant to Rotterdam?,GEOCODE-BATCH-COMPARE (#4)
NL,Which is closer to Amsterdam: Utrecht or The Hague?,GEOCODE-BATCH-COMPARE (#4)
NL,What amenities are around Utrecht?,PLACE-ATTRIBUTE-QUERY (#8)
NL,What is north of Rotterdam?,LOCATION-BEARING-CLASSIFY (#5)
NL,How far is The Hague from Amsterdam?,OBJECT-FIELD-MEASURE (#2)
